title,price,image,buyUrl,viewUrl,category,featured
Off White Glasses (4 Colorways) - Variant 1,10.20,https://ik.imagekit.io/demo/img/glasses.webp,https://cnfans.com/product/?id=1001&variant=1,https://cnfans.com/view/?id=1001&variant=1,Shoes,true
Kaws Keychain (4 Colorways) - Variant 2,3.30,https://ik.imagekit.io/demo/img/keychain.webp,https://cnfans.com/product/?id=1002&variant=2,https://cnfans.com/view/?id=1002&variant=2,Clothing,true
Amiri Jacket (12 Colorways) - Variant 3,118.82,https://ik.imagekit.io/demo/img/jacket.webp,https://cnfans.com/product/?id=1003&variant=3,https://cnfans.com/view/?id=1003&variant=3,Accessories,true
Nike Dunk Low (5 Colorways) - Variant 4,36.03,https://ik.imagekit.io/demo/img/dunk.webp,https://cnfans.com/product/?id=1004&variant=4,https://cnfans.com/view/?id=1004&variant=4,Shoes,true
Off White Glasses (10 Colorways) - Variant 5,10.19,https://ik.imagekit.io/demo/img/glasses.webp,https://cnfans.com/product/?id=1001&variant=5,https://cnfans.com/view/?id=1001&variant=5,Clothing,true
Kaws Keychain (7 Colorways) - Variant 6,2.79,https://ik.imagekit.io/demo/img/keychain.webp,https://cnfans.com/product/?id=1002&variant=6,https://cnfans.com/view/?id=1002&variant=6,Accessories,true
Amiri Jacket (4 Colorways) - Variant 7,110.84,https://ik.imagekit.io/demo/img/jacket.webp,https://cnfans.com/product/?id=1003&variant=7,https://cnfans.com/view/?id=1003&variant=7,Shoes,true
Nike Dunk Low (3 Colorways) - Variant 8,32.65,https://ik.imagekit.io/demo/img/dunk.webp,https://cnfans.com/product/?id=1004&variant=8,https://cnfans.com/view/?id=1004&variant=8,Clothing,true
Off White Glasses (10 Colorways) - Variant 9,8.09,https://ik.imagekit.io/demo/img/glasses.webp,https://cnfans.com/product/?id=1001&variant=9,https://cnfans.com/view/?id=1001&variant=9,Accessories,false
Kaws Keychain (11 Colorways) - Variant 10,2.38,https://ik.imagekit.io/demo/img/keychain.webp,https://cnfans.com/product/?id=1002&variant=10,https://cnfans.com/view/?id=1002&variant=10,Shoes,false
Amiri Jacket (5 Colorways) - Variant 11,107.66,https://ik.imagekit.io/demo/img/jacket.webp,https://cnfans.com/product/?id=1003&variant=11,https://cnfans.com/view/?id=1003&variant=11,Clothing,false
Nike Dunk Low (13 Colorways) - Variant 12,34.08,https://ik.imagekit.io/demo/img/dunk.webp,https://cnfans.com/product/?id=1004&variant=12,https://cnfans.com/view/?id=1004&variant=12,Accessories,false
Off White Glasses (10 Colorways) - Variant 13,11.20,https://ik.imagekit.io/demo/img/glasses.webp,https://cnfans.com/product/?id=1001&variant=13,https://cnfans.com/view/?id=1001&variant=13,Shoes,false
Kaws Keychain (5 Colorways) - Variant 14,2.93,https://ik.imagekit.io/demo/img/keychain.webp,https://cnfans.com/product/?id=1002&variant=14,https://cnfans.com/view/?id=1002&variant=14,Clothing,false
Amiri Jacket (9 Colorways) - Variant 15,103.62,https://ik.imagekit.io/demo/img/jacket.webp,https://cnfans.com/product/?id=1003&variant=15,https://cnfans.com/view/?id=1003&variant=15,Accessories,false
Nike Dunk Low (5 Colorways) - Variant 16,35.64,https://ik.imagekit.io/demo/img/dunk.webp,https://cnfans.com/product/?id=1004&variant=16,https://cnfans.com/view/?id=1004&variant=16,Shoes,false
Off White Glasses (8 Colorways) - Variant 17,11.12,https://ik.imagekit.io/demo/img/glasses.webp,https://cnfans.com/product/?id=1001&variant=17,https://cnfans.com/view/?id=1001&variant=17,Clothing,false
Kaws Keychain (8 Colorways) - Variant 18,2.87,https://ik.imagekit.io/demo/img/keychain.webp,https://cnfans.com/product/?id=1002&variant=18,https://cnfans.com/view/?id=1002&variant=18,Accessories,false
Amiri Jacket (2 Colorways) - Variant 19,116.61,https://ik.imagekit.io/demo/img/jacket.webp,https://cnfans.com/product/?id=1003&variant=19,https://cnfans.com/view/?id=1003&variant=19,Shoes,false
Nike Dunk Low (8 Colorways) - Variant 20,35.85,https://ik.imagekit.io/demo/img/dunk.webp,https://cnfans.com/product/?id=1004&variant=20,https://cnfans.com/view/?id=1004&variant=20,Clothing,false
Off White Glasses (13 Colorways) - Variant 21,9.21,https://ik.imagekit.io/demo/img/glasses.webp,https://cnfans.com/product/?id=1001&variant=21,https://cnfans.com/view/?id=1001&variant=21,Accessories,false
Kaws Keychain (6 Colorways) - Variant 22,2.79,https://ik.imagekit.io/demo/img/keychain.webp,https://cnfans.com/product/?id=1002&variant=22,https://cnfans.com/view/?id=1002&variant=22,Shoes,false
Amiri Jacket (5 Colorways) - Variant 23,108.19,https://ik.imagekit.io/demo/img/jacket.webp,https://cnfans.com/product/?id=1003&variant=23,https://cnfans.com/view/?id=1003&variant=23,Clothing,false
Nike Dunk Low (8 Colorways) - Variant 24,32.12,https://ik.imagekit.io/demo/img/dunk.webp,https://cnfans.com/product/?id=1004&variant=24,https://cnfans.com/view/?id=1004&variant=24,Accessories,false
Off White Glasses (5 Colorways) - Variant 25,10.62,https://ik.imagekit.io/demo/img/glasses.webp,https://cnfans.com/product/?id=1001&variant=25,https://cnfans.com/view/?id=1001&variant=25,Shoes,false
Kaws Keychain (2 Colorways) - Variant 26,2.73,https://ik.imagekit.io/demo/img/keychain.webp,https://cnfans.com/product/?id=1002&variant=26,https://cnfans.com/view/?id=1002&variant=26,Clothing,false
Amiri Jacket (7 Colorways) - Variant 27,137.61,https://ik.imagekit.io/demo/img/jacket.webp,https://cnfans.com/product/?id=1003&variant=27,https://cnfans.com/view/?id=1003&variant=27,Accessories,false
Nike Dunk Low (5 Colorways) - Variant 28,26.02,https://ik.imagekit.io/demo/img/dunk.webp,https://cnfans.com/product/?id=1004&variant=28,https://cnfans.com/view/?id=1004&variant=28,Shoes,false
Off White Glasses (13 Colorways) - Variant 29,9.94,https://ik.imagekit.io/demo/img/glasses.webp,https://cnfans.com/product/?id=1001&variant=29,https://cnfans.com/view/?id=1001&variant=29,Clothing,false
Kaws Keychain (10 Colorways) - Variant 30,2.78,https://ik.imagekit.io/demo/img/keychain.webp,https://cnfans.com/product/?id=1002&variant=30,https://cnfans.com/view/?id=1002&variant=30,Accessories,false
Amiri Jacket (5 Colorways) - Variant 31,106.47,https://ik.imagekit.io/demo/img/jacket.webp,https://cnfans.com/product/?id=1003&variant=31,https://cnfans.com/view/?id=1003&variant=31,Shoes,false
Nike Dunk Low (5 Colorways) - Variant 32,31.93,https://ik.imagekit.io/demo/img/dunk.webp,https://cnfans.com/product/?id=1004&variant=32,https://cnfans.com/view/?id=1004&variant=32,Clothing,false
Off White Glasses (6 Colorways) - Variant 33,8.46,https://ik.imagekit.io/demo/img/glasses.webp,https://cnfans.com/product/?id=1001&variant=33,https://cnfans.com/view/?id=1001&variant=33,Accessories,false
Kaws Keychain (12 Colorways) - Variant 34,2.86,https://ik.imagekit.io/demo/img/keychain.webp,https://cnfans.com/product/?id=1002&variant=34,https://cnfans.com/view/?id=1002&variant=34,Shoes,false
Amiri Jacket (13 Colorways) - Variant 35,122.09,https://ik.imagekit.io/demo/img/jacket.webp,https://cnfans.com/product/?id=1003&variant=35,https://cnfans.com/view/?id=1003&variant=35,Clothing,false
Nike Dunk Low (10 Colorways) - Variant 36,31.29,https://ik.imagekit.io/demo/img/dunk.webp,https://cnfans.com/product/?id=1004&variant=36,https://cnfans.com/view/?id=1004&variant=36,Accessories,false
Off White Glasses (6 Colorways) - Variant 37,11.35,https://ik.imagekit.io/demo/img/glasses.webp,https://cnfans.com/product/?id=1001&variant=37,https://cnfans.com/view/?id=1001&variant=37,Shoes,false
Kaws Keychain (8 Colorways) - Variant 38,2.60,https://ik.imagekit.io/demo/img/keychain.webp,https://cnfans.com/product/?id=1002&variant=38,https://cnfans.com/view/?id=1002&variant=38,Clothing,false
Amiri Jacket (6 Colorways) - Variant 39,93.96,https://ik.imagekit.io/demo/img/jacket.webp,https://cnfans.com/product/?id=1003&variant=39,https://cnfans.com/view/?id=1003&variant=39,Accessories,false
Nike Dunk Low (4 Colorways) - Variant 40,33.98,https://ik.imagekit.io/demo/img/dunk.webp,https://cnfans.com/product/?id=1004&variant=40,https://cnfans.com/view/?id=1004&variant=40,Shoes,false
Off White Glasses (6 Colorways) - Variant 41,8.83,https://ik.imagekit.io/demo/img/glasses.webp,https://cnfans.com/product/?id=1001&variant=41,https://cnfans.com/view/?id=1001&variant=41,Clothing,false
Kaws Keychain (9 Colorways) - Variant 42,2.56,https://ik.imagekit.io/demo/img/keychain.webp,https://cnfans.com/product/?id=1002&variant=42,https://cnfans.com/view/?id=1002&variant=42,Accessories,false
Amiri Jacket (8 Colorways) - Variant 43,116.54,https://ik.imagekit.io/demo/img/jacket.webp,https://cnfans.com/product/?id=1003&variant=43,https://cnfans.com/view/?id=1003&variant=43,Shoes,false
Nike Dunk Low (7 Colorways) - Variant 44,33.21,https://ik.imagekit.io/demo/img/dunk.webp,https://cnfans.com/product/?id=1004&variant=44,https://cnfans.com/view/?id=1004&variant=44,Clothing,false
Off White Glasses (8 Colorways) - Variant 45,8.14,https://ik.imagekit.io/demo/img/glasses.webp,https://cnfans.com/product/?id=1001&variant=45,https://cnfans.com/view/?id=1001&variant=45,Accessories,false
Kaws Keychain (3 Colorways) - Variant 46,2.77,https://ik.imagekit.io/demo/img/keychain.webp,https://cnfans.com/product/?id=1002&variant=46,https://cnfans.com/view/?id=1002&variant=46,Shoes,false
Amiri Jacket (11 Colorways) - Variant 47,109.69,https://ik.imagekit.io/demo/img/jacket.webp,https://cnfans.com/product/?id=1003&variant=47,https://cnfans.com/view/?id=1003&variant=47,Clothing,false
Nike Dunk Low (3 Colorways) - Variant 48,27.84,https://ik.imagekit.io/demo/img/dunk.webp,https://cnfans.com/product/?id=1004&variant=48,https://cnfans.com/view/?id=1004&variant=48,Accessories,false
Off White Glasses (8 Colorways) - Variant 49,9.71,https://ik.imagekit.io/demo/img/glasses.webp,https://cnfans.com/product/?id=1001&variant=49,https://cnfans.com/view/?id=1001&variant=49,Shoes,false
Kaws Keychain (12 Colorways) - Variant 50,3.31,https://ik.imagekit.io/demo/img/keychain.webp,https://cnfans.com/product/?id=1002&variant=50,https://cnfans.com/view/?id=1002&variant=50,Clothing,false
Amiri Jacket (3 Colorways) - Variant 51,113.66,https://ik.imagekit.io/demo/img/jacket.webp,https://cnfans.com/product/?id=1003&variant=51,https://cnfans.com/view/?id=1003&variant=51,Accessories,false
Nike Dunk Low (13 Colorways) - Variant 52,30.37,https://ik.imagekit.io/demo/img/dunk.webp,https://cnfans.com/product/?id=1004&variant=52,https://cnfans.com/view/?id=1004&variant=52,Shoes,false
Off White Glasses (7 Colorways) - Variant 53,7.97,https://ik.imagekit.io/demo/img/glasses.webp,https://cnfans.com/product/?id=1001&variant=53,https://cnfans.com/view/?id=1001&variant=53,Clothing,false
Kaws Keychain (12 Colorways) - Variant 54,3.38,https://ik.imagekit.io/demo/img/keychain.webp,https://cnfans.com/product/?id=1002&variant=54,https://cnfans.com/view/?id=1002&variant=54,Accessories,false
Amiri Jacket (2 Colorways) - Variant 55,127.48,https://ik.imagekit.io/demo/img/jacket.webp,https://cnfans.com/product/?id=1003&variant=55,https://cnfans.com/view/?id=1003&variant=55,Shoes,false
Nike Dunk Low (7 Colorways) - Variant 56,37.19,https://ik.imagekit.io/demo/img/dunk.webp,https://cnfans.com/product/?id=1004&variant=56,https://cnfans.com/view/?id=1004&variant=56,Clothing,false
Off White Glasses (7 Colorways) - Variant 57,9.85,https://ik.imagekit.io/demo/img/glasses.webp,https://cnfans.com/product/?id=1001&variant=57,https://cnfans.com/view/?id=1001&variant=57,Accessories,false
Kaws Keychain (9 Colorways) - Variant 58,2.36,https://ik.imagekit.io/demo/img/keychain.webp,https://cnfans.com/product/?id=1002&variant=58,https://cnfans.com/view/?id=1002&variant=58,Shoes,false
Amiri Jacket (10 Colorways) - Variant 59,126.36,https://ik.imagekit.io/demo/img/jacket.webp,https://cnfans.com/product/?id=1003&variant=59,https://cnfans.com/view/?id=1003&variant=59,Clothing,false
Nike Dunk Low (2 Colorways) - Variant 60,34.91,https://ik.imagekit.io/demo/img/dunk.webp,https://cnfans.com/product/?id=1004&variant=60,https://cnfans.com/view/?id=1004&variant=60,Accessories,false
Off White Glasses (11 Colorways) - Variant 61,11.43,https://ik.imagekit.io/demo/img/glasses.webp,https://cnfans.com/product/?id=1001&variant=61,https://cnfans.com/view/?id=1001&variant=61,Shoes,false
Kaws Keychain (8 Colorways) - Variant 62,3.21,https://ik.imagekit.io/demo/img/keychain.webp,https://cnfans.com/product/?id=1002&variant=62,https://cnfans.com/view/?id=1002&variant=62,Clothing,false
Amiri Jacket (4 Colorways) - Variant 63,117.95,https://ik.imagekit.io/demo/img/jacket.webp,https://cnfans.com/product/?id=1003&variant=63,https://cnfans.com/view/?id=1003&variant=63,Accessories,false
Nike Dunk Low (11 Colorways) - Variant 64,31.05,https://ik.imagekit.io/demo/img/dunk.webp,https://cnfans.com/product/?id=1004&variant=64,https://cnfans.com/view/?id=1004&variant=64,Shoes,false
Off White Glasses (3 Colorways) - Variant 65,9.02,https://ik.imagekit.io/demo/img/glasses.webp,https://cnfans.com/product/?id=1001&variant=65,https://cnfans.com/view/?id=1001&variant=65,Clothing,false
Kaws Keychain (9 Colorways) - Variant 66,2.98,https://ik.imagekit.io/demo/img/keychain.webp,https://cnfans.com/product/?id=1002&variant=66,https://cnfans.com/view/?id=1002&variant=66,Accessories,false
Amiri Jacket (8 Colorways) - Variant 67,119.15,https://ik.imagekit.io/demo/img/jacket.webp,https://cnfans.com/product/?id=1003&variant=67,https://cnfans.com/view/?id=1003&variant=67,Shoes,false
Nike Dunk Low (10 Colorways) - Variant 68,33.07,https://ik.imagekit.io/demo/img/dunk.webp,https://cnfans.com/product/?id=1004&variant=68,https://cnfans.com/view/?id=1004&variant=68,Clothing,false
Off White Glasses (11 Colorways) - Variant 69,11.19,https://ik.imagekit.io/demo/img/glasses.webp,https://cnfans.com/product/?id=1001&variant=69,https://cnfans.com/view/?id=1001&variant=69,Accessories,false
Kaws Keychain (3 Colorways) - Variant 70,3.40,https://ik.imagekit.io/demo/img/keychain.webp,https://cnfans.com/product/?id=1002&variant=70,https://cnfans.com/view/?id=1002&variant=70,Shoes,false
Amiri Jacket (10 Colorways) - Variant 71,97.93,https://ik.imagekit.io/demo/img/jacket.webp,https://cnfans.com/product/?id=1003&variant=71,https://cnfans.com/view/?id=1003&variant=71,Clothing,false
Nike Dunk Low (9 Colorways) - Variant 72,30.47,https://ik.imagekit.io/demo/img/dunk.webp,https://cnfans.com/product/?id=1004&variant=72,https://cnfans.com/view/?id=1004&variant=72,Accessories,false
Off White Glasses (12 Colorways) - Variant 73,10.86,https://ik.imagekit.io/demo/img/glasses.webp,https://cnfans.com/product/?id=1001&variant=73,https://cnfans.com/view/?id=1001&variant=73,Shoes,false
Kaws Keychain (8 Colorways) - Variant 74,2.75,https://ik.imagekit.io/demo/img/keychain.webp,https://cnfans.com/product/?id=1002&variant=74,https://cnfans.com/view/?id=1002&variant=74,Clothing,false
Amiri Jacket (3 Colorways) - Variant 75,103.94,https://ik.imagekit.io/demo/img/jacket.webp,https://cnfans.com/product/?id=1003&variant=75,https://cnfans.com/view/?id=1003&variant=75,Accessories,false
Nike Dunk Low (13 Colorways) - Variant 76,29.60,https://ik.imagekit.io/demo/img/dunk.webp,https://cnfans.com/product/?id=1004&variant=76,https://cnfans.com/view/?id=1004&variant=76,Shoes,false
Off White Glasses (12 Colorways) - Variant 77,8.55,https://ik.imagekit.io/demo/img/glasses.webp,https://cnfans.com/product/?id=1001&variant=77,https://cnfans.com/view/?id=1001&variant=77,Clothing,false
Kaws Keychain (2 Colorways) - Variant 78,3.09,https://ik.imagekit.io/demo/img/keychain.webp,https://cnfans.com/product/?id=1002&variant=78,https://cnfans.com/view/?id=1002&variant=78,Accessories,false
Amiri Jacket (4 Colorways) - Variant 79,126.77,https://ik.imagekit.io/demo/img/jacket.webp,https://cnfans.com/product/?id=1003&variant=79,https://cnfans.com/view/?id=1003&variant=79,Shoes,false
Nike Dunk Low (11 Colorways) - Variant 80,26.14,https://ik.imagekit.io/demo/img/dunk.webp,https://cnfans.com/product/?id=1004&variant=80,https://cnfans.com/view/?id=1004&variant=80,Clothing,false
Off White Glasses (2 Colorways) - Variant 81,9.53,https://ik.imagekit.io/demo/img/glasses.webp,https://cnfans.com/product/?id=1001&variant=81,https://cnfans.com/view/?id=1001&variant=81,Accessories,false
Kaws Keychain (3 Colorways) - Variant 82,2.70,https://ik.imagekit.io/demo/img/keychain.webp,https://cnfans.com/product/?id=1002&variant=82,https://cnfans.com/view/?id=1002&variant=82,Shoes,false
Amiri Jacket (9 Colorways) - Variant 83,124.73,https://ik.imagekit.io/demo/img/jacket.webp,https://cnfans.com/product/?id=1003&variant=83,https://cnfans.com/view/?id=1003&variant=83,Clothing,false
Nike Dunk Low (12 Colorways) - Variant 84,31.38,https://ik.imagekit.io/demo/img/dunk.webp,https://cnfans.com/product/?id=1004&variant=84,https://cnfans.com/view/?id=1004&variant=84,Accessories,false
Off White Glasses (8 Colorways) - Variant 85,11.15,https://ik.imagekit.io/demo/img/glasses.webp,https://cnfans.com/product/?id=1001&variant=85,https://cnfans.com/view/?id=1001&variant=85,Shoes,false
Kaws Keychain (7 Colorways) - Variant 86,2.96,https://ik.imagekit.io/demo/img/keychain.webp,https://cnfans.com/product/?id=1002&variant=86,https://cnfans.com/view/?id=1002&variant=86,Clothing,false
Amiri Jacket (2 Colorways) - Variant 87,130.26,https://ik.imagekit.io/demo/img/jacket.webp,https://cnfans.com/product/?id=1003&variant=87,https://cnfans.com/view/?id=1003&variant=87,Accessories,false
Nike Dunk Low (11 Colorways) - Variant 88,34.29,https://ik.imagekit.io/demo/img/dunk.webp,https://cnfans.com/product/?id=1004&variant=88,https://cnfans.com/view/?id=1004&variant=88,Shoes,false
Off White Glasses (13 Colorways) - Variant 89,9.02,https://ik.imagekit.io/demo/img/glasses.webp,https://cnfans.com/product/?id=1001&variant=89,https://cnfans.com/view/?id=1001&variant=89,Clothing,false
Kaws Keychain (3 Colorways) - Variant 90,2.45,https://ik.imagekit.io/demo/img/keychain.webp,https://cnfans.com/product/?id=1002&variant=90,https://cnfans.com/view/?id=1002&variant=90,Accessories,false
Amiri Jacket (8 Colorways) - Variant 91,128.03,https://ik.imagekit.io/demo/img/jacket.webp,https://cnfans.com/product/?id=1003&variant=91,https://cnfans.com/view/?id=1003&variant=91,Shoes,false
Nike Dunk Low (6 Colorways) - Variant 92,31.73,https://ik.imagekit.io/demo/img/dunk.webp,https://cnfans.com/product/?id=1004&variant=92,https://cnfans.com/view/?id=1004&variant=92,Clothing,false
Off White Glasses (5 Colorways) - Variant 93,10.69,https://ik.imagekit.io/demo/img/glasses.webp,https://cnfans.com/product/?id=1001&variant=93,https://cnfans.com/view/?id=1001&variant=93,Accessories,false
Kaws Keychain (12 Colorways) - Variant 94,2.74,https://ik.imagekit.io/demo/img/keychain.webp,https://cnfans.com/product/?id=1002&variant=94,https://cnfans.com/view/?id=1002&variant=94,Shoes,false
Amiri Jacket (9 Colorways) - Variant 95,118.97,https://ik.imagekit.io/demo/img/jacket.webp,https://cnfans.com/product/?id=1003&variant=95,https://cnfans.com/view/?id=1003&variant=95,Clothing,false
Nike Dunk Low (6 Colorways) - Variant 96,32.24,https://ik.imagekit.io/demo/img/dunk.webp,https://cnfans.com/product/?id=1004&variant=96,https://cnfans.com/view/?id=1004&variant=96,Accessories,false
Off White Glasses (4 Colorways) - Variant 97,10.24,https://ik.imagekit.io/demo/img/glasses.webp,https://cnfans.com/product/?id=1001&variant=97,https://cnfans.com/view/?id=1001&variant=97,Shoes,false
Kaws Keychain (9 Colorways) - Variant 98,2.99,https://ik.imagekit.io/demo/img/keychain.webp,https://cnfans.com/product/?id=1002&variant=98,https://cnfans.com/view/?id=1002&variant=98,Clothing,false
Amiri Jacket (9 Colorways) - Variant 99,119.99,https://ik.imagekit.io/demo/img/jacket.webp,https://cnfans.com/product/?id=1003&variant=99,https://cnfans.com/view/?id=1003&variant=99,Accessories,false
Nike Dunk Low (2 Colorways) - Variant 100,31.32,https://ik.imagekit.io/demo/img/dunk.webp,https://cnfans.com/product/?id=1004&variant=100,https://cnfans.com/view/?id=1004&variant=100,Shoes,false
